geometry,county_id,apn,land_use_type_id,res_type,land_value,improvement_value,year_assessed,year_built,building_sqft,non_residential_sqft,residential_units,stories,tax_exempt,condo_identifier,imputation_flag,development_type_id,calc_area,parcel_id,zone_id,general_plan_name,city,priority,x,y
"MULTIPOLYGON (((-122.1604750649378 37.42434026178989, -122.160252827525 37.42498976907201, -122.159874479879 37.42613554560151, -122.1596960510443 37.42670850962546, -122.1592625014929 37.42658784262515, -122.1597926411792 37.42576214184433, -122.1600337486573 37.42535246468017, -122.1602924016055 37.42469751864677, -122.1604102962808 37.42432929283306, -122.1604261094249 37.42431845618135, -122.160437898507 37.4243169771993, -122.1604538592365 37.42432550915988, -122.1604750649378 37.42434026178989)), ((-122.1596523911312 37.42731065314082, -122.1591227942904 37.42731303043725, -122.1590589992091 37.42681092124767, -122.1593209643477 37.42683326208628, -122.1596132217196 37.42690495650257, -122.1596102592783 37.42705943464026, -122.15963217097 37.42722350129953, -122.1596523911312 37.42731065314082)))",Santa Clara,14204005,CSER,,310968.0,0.0,1973.0,1962.0,1525.0,1525.0,0.0,1.0,0.0,000715SERRA94305,_,RS,6772.42305278,1311969,353.0,MIUL/Campus Educational Facility,Palo Alto,1.0,-122.159642375,37.4263407046
