geometry,county_id,apn,land_use_type_id,res_type,land_value,improvement_value,year_assessed,year_built,building_sqft,non_residential_sqft,residential_units,stories,tax_exempt,condo_identifier,imputation_flag,development_type_id,calc_area,parcel_id,zone_id,general_plan_name,city,priority,x,y
"POLYGON ((-122.157461279185 37.42315480402709, -122.1586645658536 37.42170736381586, -122.1591427851438 37.42198335758177, -122.1606324142572 37.42324687633973, -122.1605757030567 37.4233400996299, -122.1604419615025 37.42359388859031, -122.1603687503828 37.42394191758842, -122.1603150087885 37.4241267880035, -122.1595461945711 37.42395176600753, -122.1590857672432 37.42386999027555, -122.1588356393326 37.42380755081696, -122.1586794847168 37.42375291864895, -122.1583365014918 37.42358277043702, -122.1575246357397 37.42319053609648, -122.157461279185 37.42315480402709))",Santa Clara,14209006,MCLU,,1682118.4389,6724270.5611,1972.0,,0.0,0.0,0.0,0.0,0.0,000795ESCONDIDO94305,_,OF,40322.3755742,1312226,352.0,Major Educational & Institutional Uses,Unincorporated Santa Clara,1.0,-122.159104999,37.4230305308
"POLYGON ((-122.1558531446028 37.42028319020365, -122.1562010241586 37.4198631453387, -122.156162024257 37.41983796837086, -122.156402648023 37.4195450162977, -122.1567606872027 37.41973516146443, -122.1568676559742 37.41975520823103, -122.1569417325168 37.41977915283993, -122.1570639511258 37.41982685758727, -122.1571739150329 37.41988824681197, -122.1572853919114 37.41996893147717, -122.1573939977405 37.4200485611432, -122.1577302467555 37.42021146970348, -122.1571449804147 37.42094378585031, -122.1558531446028 37.42028319020365))",Santa Clara,14209003,MGOV,,339381.7167,1087191.2833,1973.0,,0.0,0.0,0.0,0.0,0.0,000875BOWDOIN94305,_,GV,13260.9494912,1312225,352.0,Major Educational & Institutional Uses,Unincorporated Santa Clara,1.0,-122.156791236,37.4202412355
"POLYGON ((-122.1556207815654 37.42016566183992, -122.1558531446028 37.42028319020365, -122.1571449804147 37.42094378585031, -122.1577867761429 37.42126436660372, -122.157193352483 37.42196868271911, -122.1561438074927 37.4214318884148, -122.1555557242478 37.422149319465, -122.1544335000563 37.42161185616679, -122.1549928689081 37.42091036297494, -122.1556207815654 37.42016566183992))",Santa Clara,14209002,CMSC,,0.0,0.0,1973.0,,0.0,0.0,0.0,0.0,0.0,000890ESCONDIDO94305,_,RS,32522.1896715,1312224,352.0,Major Educational & Institutional Uses,Unincorporated Santa Clara,1.0,-122.156020414,37.421221016
